<?xml version="1.0" encoding="UTF-8"?>
<metadata xml:lang="it"><Esri><CreaDate>20160302</CreaDate><CreaTime>15110600</CreaTime><ArcGISFormat>1.0</ArcGISFormat><SyncOnce>FALSE</SyncOnce><DataProperties><itemProps><itemName Sync="TRUE">WIZ_U32WG_VS_AGRICOLTURA_AGRITURISMI</itemName><imsContentType Sync="TRUE">002</imsContentType><itemLocation><linkage Sync="TRUE">file://\\MAP1A\C$\Users\agsadmin10.ADLISPA\AppData\Local\Temp\rlregisextract\rlregisextract_gpserver\j6f8bdb2fe9e84cb584a3970e76bd9a17\scratch\zipfolder\WIZ_U32WG_VS_AGRICOLTURA_AGRITURISMI.shp</linkage><protocol Sync="TRUE">Local Area Network</protocol></itemLocation><nativeExtBox><westBL Sync="TRUE">464006.529375</westBL><eastBL Sync="TRUE">686920.892000</eastBL><southBL Sync="TRUE">4949282.295500</southBL><northBL Sync="TRUE">5155605.895000</northBL><exTypeCode Sync="TRUE">1</exTypeCode></nativeExtBox><itemSize Sync="TRUE">0.000</itemSize></itemProps><coordRef><type Sync="TRUE">Projected</type><geogcsn Sync="TRUE">GCS_WGS_1984</geogcsn><csUnits Sync="TRUE">Linear Unit: Meter (1.000000)</csUnits><projcsn Sync="TRUE">WGS_1984_UTM_Zone_32N</projcsn><peXml Sync="TRUE">&lt;ProjectedCoordinateSystem xsi:type='typens:ProjectedCoordinateSystem' xmlns:xsi='http://www.w3.org/2001/XMLSchema-instance' xmlns:xs='http://www.w3.org/2001/XMLSchema' xmlns:typens='http://www.esri.com/schemas/ArcGIS/10.4'&gt;&lt;WKT&gt;PROJCS[&amp;quot;WGS_1984_UTM_Zone_32N&amp;quot;,GEOGCS[&amp;quot;GCS_WGS_1984&amp;quot;,DATUM[&amp;quot;D_WGS_1984&amp;quot;,SPHEROID[&amp;quot;WGS_1984&amp;quot;,6378137.0,298.257223563]],PRIMEM[&amp;quot;Greenwich&amp;quot;,0.0],UNIT[&amp;quot;Degree&amp;quot;,0.0174532925199433]],PROJECTION[&amp;quot;Transverse_Mercator&amp;quot;],PARAMETER[&amp;quot;False_Easting&amp;quot;,500000.0],PARAMETER[&amp;quot;False_Northing&amp;quot;,0.0],PARAMETER[&amp;quot;Central_Meridian&amp;quot;,9.0],PARAMETER[&amp;quot;Scale_Factor&amp;quot;,0.9996],PARAMETER[&amp;quot;Latitude_Of_Origin&amp;quot;,0.0],UNIT[&amp;quot;Meter&amp;quot;,1.0],AUTHORITY[&amp;quot;EPSG&amp;quot;,32632]]&lt;/WKT&gt;&lt;XOrigin&gt;-5120900&lt;/XOrigin&gt;&lt;YOrigin&gt;-9998100&lt;/YOrigin&gt;&lt;XYScale&gt;450445547.3910538&lt;/XYScale&gt;&lt;ZOrigin&gt;-100000&lt;/ZOrigin&gt;&lt;ZScale&gt;10000&lt;/ZScale&gt;&lt;MOrigin&gt;-100000&lt;/MOrigin&gt;&lt;MScale&gt;10000&lt;/MScale&gt;&lt;XYTolerance&gt;0.001&lt;/XYTolerance&gt;&lt;ZTolerance&gt;0.001&lt;/ZTolerance&gt;&lt;MTolerance&gt;0.001&lt;/MTolerance&gt;&lt;HighPrecision&gt;true&lt;/HighPrecision&gt;&lt;WKID&gt;32632&lt;/WKID&gt;&lt;LatestWKID&gt;32632&lt;/LatestWKID&gt;&lt;/ProjectedCoordinateSystem&gt;</peXml></coordRef><lineage><Process ToolSource="c:\program files (x86)\arcgis\desktop10.2\ArcToolbox\Toolboxes\Conversion Tools.tbx\FeatureClassToFeatureClass" Date="20160302" Time="151109">FeatureClassToFeatureClass "Database Connections\GEODB-GEST@HUB.sde\HUB.VS_AGRICOLTURA_AGRITURISMI" "Database Connections\GEODB-PUB@WIZ_U32WG.sde" VS_AGRICOLTURA_AGRITURISMI # "IDENTIFICATIVO "IDENTIFICATIVO" true true false 50 Text 0 0 ,First,#,Database Connections\GEODB-GEST@HUB.sde\HUB.VS_AGRICOLTURA_AGRITURISMI,IDENTIFICATIVO,-1,-1;NOME "NOME" true true false 150 Text 0 0 ,First,#,Database Connections\GEODB-GEST@HUB.sde\HUB.VS_AGRICOLTURA_AGRITURISMI,NOME,-1,-1;INDIRIZZO "INDIRIZZO" true true false 100 Text 0 0 ,First,#,Database Connections\GEODB-GEST@HUB.sde\HUB.VS_AGRICOLTURA_AGRITURISMI,INDIRIZZO,-1,-1;CAP "CAP" true true false 5 Text 0 0 ,First,#,Database Connections\GEODB-GEST@HUB.sde\HUB.VS_AGRICOLTURA_AGRITURISMI,CAP,-1,-1;FRAZIONE "FRAZIONE" true true false 50 Text 0 0 ,First,#,Database Connections\GEODB-GEST@HUB.sde\HUB.VS_AGRICOLTURA_AGRITURISMI,FRAZIONE,-1,-1;COMUNE "COMUNE" true true false 50 Text 0 0 ,First,#,Database Connections\GEODB-GEST@HUB.sde\HUB.VS_AGRICOLTURA_AGRITURISMI,COMUNE,-1,-1;PROVINCIA "PROVINCIA" true true false 2 Text 0 0 ,First,#,Database Connections\GEODB-GEST@HUB.sde\HUB.VS_AGRICOLTURA_AGRITURISMI,PROVINCIA,-1,-1;TELEFONO1 "TELEFONO1" true true false 15 Text 0 0 ,First,#,Database Connections\GEODB-GEST@HUB.sde\HUB.VS_AGRICOLTURA_AGRITURISMI,TELEFONO1,-1,-1;TELEFONO2 "TELEFONO2" true true false 15 Text 0 0 ,First,#,Database Connections\GEODB-GEST@HUB.sde\HUB.VS_AGRICOLTURA_AGRITURISMI,TELEFONO2,-1,-1;EMAIL "EMAIL" true true false 50 Text 0 0 ,First,#,Database Connections\GEODB-GEST@HUB.sde\HUB.VS_AGRICOLTURA_AGRITURISMI,EMAIL,-1,-1;SERVIZI "SERVIZI" true true false 254 Text 0 0 ,First,#,Database Connections\GEODB-GEST@HUB.sde\HUB.VS_AGRICOLTURA_AGRITURISMI,SERVIZI,-1,-1;SITO_INTERNET "SITO_INTERNET" true true false 254 Text 0 0 ,First,#,Database Connections\GEODB-GEST@HUB.sde\HUB.VS_AGRICOLTURA_AGRITURISMI,SITO_INTERNET,-1,-1;QUALITA_COORDINATE "QUALITA_COORDINATE" true true false 254 Text 0 0 ,First,#,Database Connections\GEODB-GEST@HUB.sde\HUB.VS_AGRICOLTURA_AGRITURISMI,QUALITA_COORDINATE,-1,-1" #</Process></lineage></DataProperties><SyncDate>20210412</SyncDate><SyncTime>18000300</SyncTime><ModDate>20210412</ModDate><ModTime>18000300</ModTime></Esri><dataIdInfo><envirDesc Sync="TRUE">Microsoft Windows Server 2008 R2 Version 6.1 (Build 7601) Service Pack 1; Esri ArcGIS 10.4.1.5686</envirDesc><dataLang><languageCode value="ita" Sync="TRUE"></languageCode><countryCode value="ITA" Sync="TRUE"></countryCode></dataLang><idCitation><resTitle Sync="TRUE">WIZ_U32WG_VS_AGRICOLTURA_AGRITURISMI</resTitle><presForm><PresFormCd value="005" Sync="TRUE"></PresFormCd></presForm></idCitation><spatRpType><SpatRepTypCd value="001" Sync="TRUE"></SpatRepTypCd></spatRpType><dataExt><geoEle><GeoBndBox esriExtentType="search"><exTypeCode Sync="TRUE">1</exTypeCode><westBL Sync="TRUE">8.530462</westBL><eastBL Sync="TRUE">11.437318</eastBL><northBL Sync="TRUE">46.554020</northBL><southBL Sync="TRUE">44.672560</southBL></GeoBndBox></geoEle></dataExt></dataIdInfo><mdLang><languageCode value="ita" Sync="TRUE"></languageCode><countryCode value="ITA" Sync="TRUE"></countryCode></mdLang><mdChar><CharSetCd value="004" Sync="TRUE"></CharSetCd></mdChar><distInfo><distFormat><formatName Sync="TRUE">Shapefile</formatName></distFormat><distTranOps><transSize Sync="TRUE">0.000</transSize></distTranOps></distInfo><mdHrLv><ScopeCd value="005" Sync="TRUE"></ScopeCd></mdHrLv><mdHrLvName Sync="TRUE">dataset</mdHrLvName><refSysInfo><RefSystem><refSysID><identCode code="32632" Sync="TRUE"></identCode><idCodeSpace Sync="TRUE">EPSG</idCodeSpace><idVersion Sync="TRUE">2.1(3.0.1)</idVersion></refSysID></RefSystem></refSysInfo><spatRepInfo><VectSpatRep><geometObjs Name="WIZ_U32WG_VS_AGRICOLTURA_AGRITURISMI"><geoObjTyp><GeoObjTypCd value="004" Sync="TRUE"></GeoObjTypCd></geoObjTyp><geoObjCnt Sync="TRUE">0</geoObjCnt></geometObjs><topLvl><TopoLevCd value="001" Sync="TRUE"></TopoLevCd></topLvl></VectSpatRep></spatRepInfo><spdoinfo><ptvctinf><esriterm Name="WIZ_U32WG_VS_AGRICOLTURA_AGRITURISMI"><efeatyp Sync="TRUE">Simple</efeatyp><efeageom code="1" Sync="TRUE"></efeageom><esritopo Sync="TRUE">FALSE</esritopo><efeacnt Sync="TRUE">0</efeacnt><spindex Sync="TRUE">FALSE</spindex><linrefer Sync="TRUE">FALSE</linrefer></esriterm></ptvctinf></spdoinfo><eainfo><detailed Name="WIZ_U32WG_VS_AGRICOLTURA_AGRITURISMI"><enttyp><enttypl Sync="TRUE">WIZ_U32WG_VS_AGRICOLTURA_AGRITURISMI</enttypl><enttypt Sync="TRUE">Feature Class</enttypt><enttypc Sync="TRUE">0</enttypc></enttyp><attr><attrlabl Sync="TRUE">FID</attrlabl><attalias Sync="TRUE">FID</attalias><attrtype Sync="TRUE">OID</attrtype><attwidth Sync="TRUE">4</attwidth><atprecis Sync="TRUE">0</atprecis><attscale Sync="TRUE">0</attscale><attrdef Sync="TRUE">Internal feature number.</attrdef><attrdefs Sync="TRUE">Esri</attrdefs><attrdomv><udom Sync="TRUE">Sequential unique whole numbers that are automatically generated.</udom></attrdomv></attr><attr><attrlabl Sync="TRUE">NOME</attrlabl><attalias Sync="TRUE">NOME</attalias><attrtype Sync="TRUE">String</attrtype><attwidth Sync="TRUE">150</attwidth><atprecis Sync="TRUE">0</atprecis><attscale Sync="TRUE">0</attscale></attr><attr><attrlabl Sync="TRUE">IDENTIFICA</attrlabl><attalias Sync="TRUE">IDENTIFICA</attalias><attrtype Sync="TRUE">String</attrtype><attwidth Sync="TRUE">50</attwidth><atprecis Sync="TRUE">0</atprecis><attscale Sync="TRUE">0</attscale></attr><attr><attrlabl Sync="TRUE">INDIRIZZO</attrlabl><attalias Sync="TRUE">INDIRIZZO</attalias><attrtype Sync="TRUE">String</attrtype><attwidth Sync="TRUE">100</attwidth><atprecis Sync="TRUE">0</atprecis><attscale Sync="TRUE">0</attscale></attr><attr><attrlabl Sync="TRUE">CAP</attrlabl><attalias Sync="TRUE">CAP</attalias><attrtype Sync="TRUE">String</attrtype><attwidth Sync="TRUE">5</attwidth><atprecis Sync="TRUE">0</atprecis><attscale Sync="TRUE">0</attscale></attr><attr><attrlabl Sync="TRUE">FRAZIONE</attrlabl><attalias Sync="TRUE">FRAZIONE</attalias><attrtype Sync="TRUE">String</attrtype><attwidth Sync="TRUE">50</attwidth><atprecis Sync="TRUE">0</atprecis><attscale Sync="TRUE">0</attscale></attr><attr><attrlabl Sync="TRUE">COMUNE</attrlabl><attalias Sync="TRUE">COMUNE</attalias><attrtype Sync="TRUE">String</attrtype><attwidth Sync="TRUE">50</attwidth><atprecis Sync="TRUE">0</atprecis><attscale Sync="TRUE">0</attscale></attr><attr><attrlabl Sync="TRUE">PROVINCIA</attrlabl><attalias Sync="TRUE">PROVINCIA</attalias><attrtype Sync="TRUE">String</attrtype><attwidth Sync="TRUE">2</attwidth><atprecis Sync="TRUE">0</atprecis><attscale Sync="TRUE">0</attscale></attr><attr><attrlabl Sync="TRUE">TELEFONO1</attrlabl><attalias Sync="TRUE">TELEFONO1</attalias><attrtype Sync="TRUE">String</attrtype><attwidth Sync="TRUE">15</attwidth><atprecis Sync="TRUE">0</atprecis><attscale Sync="TRUE">0</attscale></attr><attr><attrlabl Sync="TRUE">TELEFONO2</attrlabl><attalias Sync="TRUE">TELEFONO2</attalias><attrtype Sync="TRUE">String</attrtype><attwidth Sync="TRUE">15</attwidth><atprecis Sync="TRUE">0</atprecis><attscale Sync="TRUE">0</attscale></attr><attr><attrlabl Sync="TRUE">EMAIL</attrlabl><attalias Sync="TRUE">EMAIL</attalias><attrtype Sync="TRUE">String</attrtype><attwidth Sync="TRUE">50</attwidth><atprecis Sync="TRUE">0</atprecis><attscale Sync="TRUE">0</attscale></attr><attr><attrlabl Sync="TRUE">SERVIZI</attrlabl><attalias Sync="TRUE">SERVIZI</attalias><attrtype Sync="TRUE">String</attrtype><attwidth Sync="TRUE">254</attwidth><atprecis Sync="TRUE">0</atprecis><attscale Sync="TRUE">0</attscale></attr><attr><attrlabl Sync="TRUE">SHAPE</attrlabl><attalias Sync="TRUE">Shape</attalias><attrtype Sync="TRUE">Geometry</attrtype><attwidth Sync="TRUE">0</attwidth><atprecis Sync="TRUE">0</atprecis><attscale Sync="TRUE">0</attscale><attrdef Sync="TRUE">Feature geometry.</attrdef><attrdefs Sync="TRUE">Esri</attrdefs><attrdomv><udom Sync="TRUE">Coordinates defining the features.</udom></attrdomv></attr><attr><attrlabl Sync="TRUE">SITO_INTER</attrlabl><attalias Sync="TRUE">SITO_INTER</attalias><attrtype Sync="TRUE">String</attrtype><attwidth Sync="TRUE">254</attwidth><atprecis Sync="TRUE">0</atprecis><attscale Sync="TRUE">0</attscale></attr><attr><attrlabl Sync="TRUE">QUALITA_CO</attrlabl><attalias Sync="TRUE">QUALITA_CO</attalias><attrtype Sync="TRUE">String</attrtype><attwidth Sync="TRUE">254</attwidth><atprecis Sync="TRUE">0</atprecis><attscale Sync="TRUE">0</attscale></attr></detailed></eainfo><mdDateSt Sync="TRUE">20210412</mdDateSt></metadata>
